Aaron_Pena_0001.jpg,Aaron_Pena
Aaron_Pena_0002.jpg,Aaron_Pena
Abdel_Nasser_Assidi_0001.jpg,Abdel_Nasser_Assidi
Abdel_Nasser_Assidi_0002.jpg,Abdel_Nasser_Assidi
Abdel_Nasser_Assidi_0003.jpg,Abdel_Nasser_Assidi
Abdullah_Gul_0001.jpg,Abdullah_Gul
Abdullah_Gul_0002.jpg,Abdullah_Gul
Abdullah_Gul_0003.jpg,Abdullah_Gul
Abdullatif_Sener_0001.jpg,Abdullatif_Sener
Abdullatif_Sener_0002.jpg,Abdullatif_Sener
Abel_Pacheco_0001.jpg,Abel_Pacheco
Abel_Pacheco_0002.jpg,Abel_Pacheco
Abel_Pacheco_0003.jpg,Abel_Pacheco
Abel_Pacheco_0004.jpg,Abel_Pacheco
Abraham_Foxman_0001.jpg,Abraham_Foxman
Abraham_Foxman_0002.jpg,Abraham_Foxman
Abraham_Foxman_0003.jpg,Abraham_Foxman
Abraham_Foxman_0004.jpg,Abraham_Foxman
Adam_Ant_0001.jpg,Adam_Ant
Adam_Ant_0002.jpg,Adam_Ant
Adolfo_Rodriguez_Saa_0001.jpg,Adolfo_Rodriguez_Saa
Adolfo_Rodriguez_Saa_0002.jpg,Adolfo_Rodriguez_Saa
Adolfo_Rodriguez_Saa_0003.jpg,Adolfo_Rodriguez_Saa
Adolfo_Rodriguez_Saa_0004.jpg,Adolfo_Rodriguez_Saa
Adrian_Annus_0001.jpg,Adrian_Annus
Adrian_Annus_0002.jpg,Adrian_Annus
Ahmed_Ahmed_0001.jpg,Ahmed_Ahmed
Ahmed_Ahmed_0002.jpg,Ahmed_Ahmed
Ahmet_Demir_0001.jpg,Ahmet_Demir
Ahmet_Demir_0002.jpg,Ahmet_Demir
Aicha_El_Ouafi_0001.jpg,Aicha_El_Ouafi
Aicha_El_Ouafi_0002.jpg,Aicha_El_Ouafi
Akmal_Taher_0001.jpg,Akmal_Taher
Akmal_Taher_0002.jpg,Akmal_Taher
Akmal_Taher_0003.jpg,Akmal_Taher
Alan_Dershowitz_0001.jpg,Alan_Dershowitz
Alan_Dershowitz_0002.jpg,Alan_Dershowitz
Alan_Dershowitz_0003.jpg,Alan_Dershowitz
Alan_Dershowitz_0004.jpg,Alan_Dershowitz
Alan_Mulally_0001.jpg,Alan_Mulally
Alan_Mulally_0002.jpg,Alan_Mulally
Alberto_Gonzales_0001.jpg,Alberto_Gonzales
Alberto_Gonzales_0002.jpg,Alberto_Gonzales
Alberto_Gonzales_0003.jpg,Alberto_Gonzales
Albert_Montanes_0001.jpg,Albert_Montanes
Albert_Montanes_0002.jpg,Albert_Montanes
Albert_Montanes_0003.jpg,Albert_Montanes
Albert_Montanes_0004.jpg,Albert_Montanes
Alex_Corretja_0001.jpg,Alex_Corretja
Alex_Corretja_0002.jpg,Alex_Corretja
Alex_Corretja_0003.jpg,Alex_Corretja
Alex_Gonzalez_0001.jpg,Alex_Gonzalez
Alex_Gonzalez_0002.jpg,Alex_Gonzalez
Alex_Zanardi_0001.jpg,Alex_Zanardi
Alex_Zanardi_0002.jpg,Alex_Zanardi
Alex_Zanardi_0003.jpg,Alex_Zanardi
Alex_Zanardi_0004.jpg,Alex_Zanardi
Alfredo_di_Stefano_0001.jpg,Alfredo_di_Stefano
Alfredo_di_Stefano_0002.jpg,Alfredo_di_Stefano
Alfredo_di_Stefano_0003.jpg,Alfredo_di_Stefano
Alfredo_Moreno_0001.jpg,Alfredo_Moreno
Alfredo_Moreno_0002.jpg,Alfredo_Moreno
Alfredo_Moreno_0003.jpg,Alfredo_Moreno
Alfred_Sant_0001.jpg,Alfred_Sant
Alfred_Sant_0002.jpg,Alfred_Sant
Alfred_Sant_0003.jpg,Alfred_Sant
Alice_Fisher_0001.jpg,Alice_Fisher
Alice_Fisher_0002.jpg,Alice_Fisher
Alicia_Witt_0001.jpg,Alicia_Witt
Alicia_Witt_0002.jpg,Alicia_Witt
Alicia_Witt_0003.jpg,Alicia_Witt
Alicia_Witt_0004.jpg,Alicia_Witt
Ali_Abdullah_Saleh_0001.jpg,Ali_Abdullah_Saleh
Ali_Abdullah_Saleh_0002.jpg,Ali_Abdullah_Saleh
Ali_Abdullah_Saleh_0003.jpg,Ali_Abdullah_Saleh
Ali_Abdullah_Saleh_0004.jpg,Ali_Abdullah_Saleh
Ali_Ahmeti_0001.jpg,Ali_Ahmeti
Ali_Ahmeti_0002.jpg,Ali_Ahmeti
Ali_Naimi_0001.jpg,Ali_Naimi
Ali_Naimi_0002.jpg,Ali_Naimi
Allen_Iverson_0001.jpg,Allen_Iverson
Allen_Iverson_0002.jpg,Allen_Iverson
Allen_Iverson_0003.jpg,Allen_Iverson
Allison_Janney_0001.jpg,Allison_Janney
Allison_Janney_0002.jpg,Allison_Janney
Allison_Janney_0003.jpg,Allison_Janney
Allison_Janney_0004.jpg,Allison_Janney
Alma_Powell_0001.jpg,Alma_Powell
Alma_Powell_0002.jpg,Alma_Powell
Alvaro_Silva_Calderon_0001.jpg,Alvaro_Silva_Calderon
Alvaro_Silva_Calderon_0002.jpg,Alvaro_Silva_Calderon
Al_Davis_0001.jpg,Al_Davis
Al_Davis_0002.jpg,Al_Davis
Al_Davis_0003.jpg,Al_Davis
Al_Davis_0004.jpg,Al_Davis
Al_Gore_0001.jpg,Al_Gore
Al_Gore_0002.jpg,Al_Gore
Al_Gore_0003.jpg,Al_Gore
Al_Gore_0004.jpg,Al_Gore
Amanda_Marsh_0001.jpg,Amanda_Marsh
Amanda_Marsh_0002.jpg,Amanda_Marsh
Amy_Brenneman_0001.jpg,Amy_Brenneman
Amy_Brenneman_0002.jpg,Amy_Brenneman
Amy_Cotton_0001.jpg,Amy_Cotton
Amy_Cotton_0002.jpg,Amy_Cotton
Amy_Redford_0001.jpg,Amy_Redford
Amy_Redford_0002.jpg,Amy_Redford
Ana_Claudia_Talancon_0001.jpg,Ana_Claudia_Talancon
Ana_Claudia_Talancon_0002.jpg,Ana_Claudia_Talancon
Andrew_Cuomo_0001.jpg,Andrew_Cuomo
Andrew_Cuomo_0002.jpg,Andrew_Cuomo
Andrew_Cuomo_0003.jpg,Andrew_Cuomo
Andrew_Weissmann_0001.jpg,Andrew_Weissmann
Andrew_Weissmann_0002.jpg,Andrew_Weissmann
Andre_Agassi_0001.jpg,Andre_Agassi
Andre_Agassi_0002.jpg,Andre_Agassi
Andre_Agassi_0003.jpg,Andre_Agassi
Andre_Agassi_0004.jpg,Andre_Agassi
Andy_Benes_0001.jpg,Andy_Benes
Andy_Benes_0002.jpg,Andy_Benes
Andy_Benes_0003.jpg,Andy_Benes
Andy_Benes_0004.jpg,Andy_Benes
Andy_Madikians_0001.jpg,Andy_Madikians
Andy_Madikians_0002.jpg,Andy_Madikians
Angelo_Reyes_0001.jpg,Angelo_Reyes
Angelo_Reyes_0002.jpg,Angelo_Reyes
Anna_Chicherova_0001.jpg,Anna_Chicherova
Anna_Chicherova_0002.jpg,Anna_Chicherova
Anna_Kournikova_0001.jpg,Anna_Kournikova
Anna_Kournikova_0002.jpg,Anna_Kournikova
Anne_ONeil_0001.jpg,Anne_ONeil
Anne_ONeil_0002.jpg,Anne_ONeil
Anthony_Fauci_0001.jpg,Anthony_Fauci
Anthony_Fauci_0002.jpg,Anthony_Fauci
Anthony_Fauci_0003.jpg,Anthony_Fauci
Antje_Buschschulte_0001.jpg,Antje_Buschschulte
Antje_Buschschulte_0002.jpg,Antje_Buschschulte
Antje_Buschschulte_0003.jpg,Antje_Buschschulte
Antje_Buschschulte_0004.jpg,Antje_Buschschulte
Antonio_Catania_0001.jpg,Antonio_Catania
Antonio_Catania_0002.jpg,Antonio_Catania
Antonio_Elias_Saca_0001.jpg,Antonio_Elias_Saca
Antonio_Elias_Saca_0002.jpg,Antonio_Elias_Saca
Antonio_Elias_Saca_0003.jpg,Antonio_Elias_Saca
Ariel_Sharon_0001.jpg,Ariel_Sharon
Ariel_Sharon_0002.jpg,Ariel_Sharon
Ariel_Sharon_0003.jpg,Ariel_Sharon
Ariel_Sharon_0004.jpg,Ariel_Sharon
Ari_Bousbib_0001.jpg,Ari_Bousbib
Ari_Bousbib_0002.jpg,Ari_Bousbib
Arminio_Fraga_0001.jpg,Arminio_Fraga
Arminio_Fraga_0002.jpg,Arminio_Fraga
Arminio_Fraga_0003.jpg,Arminio_Fraga
Arminio_Fraga_0004.jpg,Arminio_Fraga
Arnaud_Clement_0001.jpg,Arnaud_Clement
Arnaud_Clement_0002.jpg,Arnaud_Clement
Arnaud_Clement_0003.jpg,Arnaud_Clement
Arnaud_Clement_0004.jpg,Arnaud_Clement
Arnie_Boehm_0001.jpg,Arnie_Boehm
Arnie_Boehm_0002.jpg,Arnie_Boehm
Arnold_Palmer_0001.jpg,Arnold_Palmer
Arnold_Palmer_0002.jpg,Arnold_Palmer
Arnold_Palmer_0003.jpg,Arnold_Palmer
Arnold_Palmer_0004.jpg,Arnold_Palmer
Ashlea_Talbot_0001.jpg,Ashlea_Talbot
Ashlea_Talbot_0002.jpg,Ashlea_Talbot
Ashlea_Talbot_0003.jpg,Ashlea_Talbot
Ashlea_Talbot_0004.jpg,Ashlea_Talbot
Ashley_Judd_0001.jpg,Ashley_Judd
Ashley_Judd_0002.jpg,Ashley_Judd
Atom_Egoyan_0001.jpg,Atom_Egoyan
Atom_Egoyan_0002.jpg,Atom_Egoyan
Atom_Egoyan_0003.jpg,Atom_Egoyan
Augustin_Calleri_0001.jpg,Augustin_Calleri
Augustin_Calleri_0002.jpg,Augustin_Calleri
Augustin_Calleri_0003.jpg,Augustin_Calleri
Augustin_Calleri_0004.jpg,Augustin_Calleri
Barbara_Bach_0001.jpg,Barbara_Bach
Barbara_Bach_0002.jpg,Barbara_Bach
Barbara_Bach_0003.jpg,Barbara_Bach
Barbara_Boxer_0001.jpg,Barbara_Boxer
Barbara_Boxer_0002.jpg,Barbara_Boxer
Barbara_Boxer_0003.jpg,Barbara_Boxer
Barbara_Boxer_0004.jpg,Barbara_Boxer
Barbara_Walters_0001.jpg,Barbara_Walters
Barbara_Walters_0002.jpg,Barbara_Walters
Barbara_Walters_0003.jpg,Barbara_Walters
Barry_Bonds_0001.jpg,Barry_Bonds
Barry_Bonds_0002.jpg,Barry_Bonds
Barry_Bonds_0003.jpg,Barry_Bonds
Barry_Bonds_0004.jpg,Barry_Bonds
Barry_Diller_0001.jpg,Barry_Diller
Barry_Diller_0002.jpg,Barry_Diller
Bart_Freundlich_0001.jpg,Bart_Freundlich
Bart_Freundlich_0002.jpg,Bart_Freundlich
Bart_Freundlich_0003.jpg,Bart_Freundlich
Bart_Freundlich_0004.jpg,Bart_Freundlich
Beatrice_Dalle_0001.jpg,Beatrice_Dalle
Beatrice_Dalle_0002.jpg,Beatrice_Dalle
Beatrice_Dalle_0003.jpg,Beatrice_Dalle
